<?xml version="1.0" encoding="UTF-8" standalone="no"?>
<catalog prefer="public" xmlns="urn:oasis:names:tc:entity:xmlns:xml:catalog">

    <uri id="Imports Wizard Entry" name="http://loop3d.org/GSO/ontology/2020/1/common/ontology" uri="file:/E:/GitHub/Loop3DGKM/Loop3D-GSO/GSO-Common.ttl"/>
	
	

    <uri id="/alterationtype/ontology" name="http://loop3d.org/GSO/ontology/2020/1/alterationtype/ontology" uri="../Modules/ComponentVocabs/Alteration_Type.ttl"/>
    <uri id="/common/ontology" name="http://loop3d.org/GSO/ontology/2020/1/common/ontology" uri="../GSO-Common.ttl"/>
    <uri id="/geologicproperty/ontology" name="http://loop3d.org/GSO/ontology/2020/1/geologicproperty/ontology" uri="../Modules/GSO-property.ttl"/>
    <uri id="/consolidationdegree/ontology" name="http://loop3d.org/GSO/ontology/2020/1/consolidationdegree/ontology" uri="../Modules/ComponentVocabs/Consolidation_Degree.ttl"/>
    <uri id="/element/ontology" name="http://loop3d.org/GSO/ontology/2020/1/element/ontology" uri="../Modules/GSO-Elements.ttl"/>
    <uri id="/eventenvironment/ontology" name="http://loop3d.org/GSO/ontology/2020/1/eventenvironment/ontology" uri="../Modules/GSO-Physical_Setting.ttl"/>
    <uri id="/ex-complexcontact/ontology" name="http://loop3d.org/GSO/ontology/2020/1/ex-complexcontact/ontology" uri="TestInstances/GSO-ComplexContacts.ttl"/>
    <uri id="/ex-formationJs/ontology" name="http://loop3d.org/GSO/ontology/2020/1/ex-formationJs/ontology" uri="TestInstances/GSO-ExampleFormationJs.ttl"/>
    <uri id="/fault/movementsense/ontology" name="http://loop3d.org/GSO/ontology/2020/1/fault/movementsense/ontology" uri="../Modules/ComponentVocabs/Fault_Movement_Sense.ttl"/>
    <uri id="/fault/movementtype/ontology" name="http://loop3d.org/GSO/ontology/2020/1/fault/movementtype/ontology" uri="../Modules/ComponentVocabs/Fault_Movement_Type.ttl"/>
    <uri id="/geologicfeature/ontology" name="http://loop3d.org/GSO/ontology/2020/1/geologicfeature/ontology" uri="../GSO-Geology.ttl"/>
    <uri id="/geologicprocess/ontology" name="http://loop3d.org/GSO/ontology/2020/1/geologicprocess/ontology" uri="../Modules/GSO-Geologic_Process.ttl"/>
    <uri id="/geologicstructure/contact/ontology" name="http://loop3d.org/GSO/ontology/2020/1/geologicstructure/contact/ontology" uri="../Modules/GSO-Structure-Contact.ttl"/>
    <uri id="/geologicstructure/fault/ontology" name="http://loop3d.org/GSO/ontology/2020/1/geologicstructure/fault/ontology" uri="../Modules/GSO-Structure-Fault.ttl"/>
    <uri id="/geologicstructure/fold/ontology" name="http://loop3d.org/GSO/ontology/2020/1/geologicstructure/fold/ontology" uri="../Modules/GSO-Structure-Fold.ttl"/>
    <uri id="/geologicstructure/foliation/ontology" name="http://loop3d.org/GSO/ontology/2020/1/geologicstructure/foliation/ontology" uri="../Modules/GSO-Structure-Foliation.ttl"/>
    <uri id="/geologicstructure/lineation/ontology" name="http://loop3d.org/GSO/ontology/2020/1/geologicstructure/lineation/ontology" uri="../Modules/GSO-Structure-Lineation.ttl"/>
    <uri id="/geologicunit/ontology" name="http://loop3d.org/GSO/ontology/2020/1/geologicunit/ontology" uri="../Modules/GSO-Geologic_Unit.ttl"/>
    <uri id="/geologicunit/rockbodypart/ontology" name="http://loop3d.org/GSO/ontology/2020/1/geologicunit/rockbodypart/ontology" uri="../Modules/ComponentVocabs/Rock_Body_Part.ttl"/>
    <uri id="/ischart/ontology" name="http://loop3d.org/GSO/ontology/2020/1/ischart/ontology" uri="../Modules/GSO-Geologic_Time_Interval.ttl"/>
    <uri id="/lithology/compositioncategory/ontology" name="http://loop3d.org/GSO/ontology/2020/1/lithology/compositioncategory/ontology" uri="../Modules/ComponentVocabs/Composition_Category.ttl"/>
    <uri id="/lithology/consolidationdegree/ontology" name="http://loop3d.org/GSO/ontology/2020/1/lithology/consolidationdegree/ontology" uri="../Modules/ComponentVocabs/Consolidation_Degree.ttl"/>
    <uri id="/lithology/geneticcategory/ontology" name="http://loop3d.org/GSO/ontology/2020/1/lithology/geneticcategory/ontology" uri="../Modules/ComponentVocabs/Genetic_Category.ttl"/>
    <uri id="/lithology/ontology" name="http://loop3d.org/GSO/ontology/2020/1/lithology/ontology" uri="../Modules/GSO-Rock_Material.ttl"/>
    <uri id="/lithology/particleaspectratio/ontology" name="http://loop3d.org/GSO/ontology/2020/1/lithology/particleaspectratio/ontology" uri="../Modules/ComponentVocabs/Particle_Aspect_Ratio.ttl"/>
    <uri id="/lithology/particleshape/ontology" name="http://loop3d.org/GSO/ontology/2020/1/lithology/particleshape/ontology" uri="../Modules/ComponentVocabs/Particle_Shape.ttl"/>
    <uri id="/lithology/particletype/ontology" name="http://loop3d.org/GSO/ontology/2020/1/lithology/particletype/ontology" uri="../Modules/ComponentVocabs/Particle_Type.ttl"/>
    <uri id="/loop3dmaster" name="http://loop3d.org/GSO/ontology/2020/1/loop3dmaster" uri="../GSO-Master.ttl"/>
    <uri id="/metamorphicfacies/ontology" name="http://loop3d.org/GSO/ontology/2020/1/metamorphicfacies/ontology" uri="../Modules/ComponentVocabs/Metamorphic_Facies.ttl"/>
    <uri id="/metamorphicgrade/ontology" name="http://loop3d.org/GSO/ontology/2020/1/metamorphicgrade/ontology" uri="../Modules/ComponentVocabs/Metamorphic_Grade.ttl"/>
    <uri id="/mineral/ontology" name="http://loop3d.org/GSO/ontology/2020/1/mineral/ontology" uri="../Modules/GSO-Minerals.ttl"/>
    <uri id="/uom/ontology" name="http://loop3d.org/GSO/ontology/2020/1/uom/ontology" uri="../Modules/ComponentVocabs/UOM.ttl"/>
	
    <group id="Folder Repository, directory=, recursive=true, Auto-Update=true, version=2" prefer="public" xml:base=""/>
</catalog>
