<?xml version="1.0" encoding="UTF-8" standalone="no"?> 

<catalog prefer="public" xmlns="urn:oasis:names:tc:entity:xmlns:xml:catalog">
    <group id="Folder Repository, directory=file:/E:/GitHub/Loop3DGKM/Loop3D-GSO/, recursive=true, Auto-Update=true, version=2" prefer="public" xml:base="file:/E:/GitHub/Loop3DGKM/Loop3D-GSO/"/>
    <uri id="Imports Wizard Entry" name="http://loop3d.org/GSO/ontology/2020/1/common/ontology" uri="GSO-Common.ttl"/>
    <uri id="geology_ontology" name="http://loop3d.org/GSO/ontology/2020/1/geology/ontology" uri="GSO-Geology.ttl"/>
    <uri id="element_ontology" name="http://loop3d.org/GSO/ontology/2020/1/element/ontology" uri="Modules/GSO-Element.ttl"/>
    <uri id="feature_ontology" name="http://loop3d.org/GSO/ontology/2020/1/feature/ontology" uri="Modules/GSO-Feature.ttl"/>
    <uri id="master_ontology" name="http://loop3d.org/GSO/ontology/2020/1/master/ontology" uri="GSO-Master.ttl"/>
    <uri id="geologicevent_ontology" name="http://loop3d.org/GSO/ontology/2020/1/geologicevent/ontology" uri="Modules/GSO-Geologic_Event.ttl"/>
    <uri id="geologicfeature_ontology" name="http://loop3d.org/GSO/ontology/2020/1/geologicfeature/ontology" uri="Modules/GSO-Geologic_Feature.ttl"/>
    <uri id="granularmaterial_ontology" name="http://loop3d.org/GSO/ontology/2020/1/granularmaterial/ontology" uri="Modules/GSO-Geologic_Granular_Material.ttl"/>
    <uri id="mineral_ontology" name="http://loop3d.org/GSO/ontology/2020/1/mineral/ontology" uri="Modules/GSO-Geologic_Mineral.ttl"/>
    <uri id="geologicprocess_ontology" name="http://loop3d.org/GSO/ontology/2020/1/geologicprocess/ontology" uri="Modules/GSO-Geologic_Process.ttl"/>
    <uri id="geologicquality_ontology" name="http://loop3d.org/GSO/ontology/2020/1/geologicquality/ontology" uri="Modules/GSO-Geologic_Quality.ttl"/>
    <uri id="geologicreferencesystem_ontology" name="http://loop3d.org/GSO/ontology/2020/1/geologicreferencesystem/ontology" uri="Modules/GSO-Geologic_Reference_System.ttl"/>
    <uri id="geologicrelation_ontology" name="http://loop3d.org/GSO/ontology/2020/1/geologicrelation/ontology" uri="Modules/GSO-Geologic_Relation.ttl"/>
    <uri id="rockmaterial_ontology" name="http://loop3d.org/GSO/ontology/2020/1/rockmaterial/ontology" uri="Modules/GSO-Geologic_Rock_Material.ttl"/>
    <uri id="rockobject_ontology" name="http://loop3d.org/GSO/ontology/2020/1/rockobject/ontology" uri="Modules/GSO-Geologic_Rock_Object.ttl"/>
    <uri id="geologicrole_ontology" name="http://loop3d.org/GSO/ontology/2020/1/geologicrole/ontology" uri="Modules/GSO-Geologic_Role.ttl"/>
    <uri id="geologicsetting_ontology" name="http://loop3d.org/GSO/ontology/2020/1/geologicsetting/ontology" uri="Modules/GSO-Geologic_Setting.ttl"/>
    <uri id="geologiccontact_ontology" name="http://loop3d.org/GSO/ontology/2020/1/geologiccontact/ontology" uri="Modules/GSO-Geologic_Structure_Contact.ttl"/>
    <uri id="geologicfault_ontology" name="http://loop3d.org/GSO/ontology/2020/1/geologicfault/ontology" uri="Modules/GSO-Geologic_Structure_Fault.ttl"/>
    <uri id="geologicfold_ontology" name="http://loop3d.org/GSO/ontology/2020/1/geologicfold/ontology" uri="Modules/GSO-Geologic_Structure_Fold.ttl"/>
    <uri id="geologicfoliation_ontology" name="http://loop3d.org/GSO/ontology/2020/1/geologicfoliation/ontology" uri="Modules/GSO-Geologic_Structure_Foliation.ttl"/>
    <uri id="geologiclineation_ontology" name="http://loop3d.org/GSO/ontology/2020/1/geologiclineation/ontology" uri="Modules/GSO-Geologic_Structure_Lineation.ttl"/>
    <uri id="geologicstructure_ontology" name="http://loop3d.org/GSO/ontology/2020/1/geologicstructure/ontology" uri="Modules/GSO-Geologic_Structure.ttl"/>
    <uri id="ischart_ontology" name="http://loop3d.org/GSO/ontology/2020/1/ischart/ontology" uri="Modules/GSO-Geologic_Time_Ischart.ttl"/>
    <uri id="geologictime_ontology" name="http://loop3d.org/GSO/ontology/2020/1/geologictime/ontology" uri="Modules/GSO-Geologic_Time.ttl"/>
    <uri id="geologicunit_ontology" name="http://loop3d.org/GSO/ontology/2020/1/geologicunit/ontology" uri="Modules/GSO-Geologic_Unit.ttl"/>
    <uri id="hydrology_ontology" name="http://loop3d.org/GSO/ontology/2020/1/hydrology/ontology" uri="Modules/GSO-Hydrology.ttl"/>
    <uri id="perdurant_ontology" name="http://loop3d.org/GSO/ontology/2020/1/perdurant/ontology" uri="Modules/GSO-Perdurant.ttl"/>
    <uri id="quality_ontology" name="http://loop3d.org/GSO/ontology/2020/1/quality/ontology" uri="Modules/GSO-Quality.ttl"/>
    <uri id="qudt_voc_ontology" name="http://loop3d.org/GSO/2021/2/qudt/voc/ontology" uri="Modules/GSO-QUDTvoc.ttl"/>
    <uri id="skos_annotation_ontology" name="http://loop3d.org/GSO/2004/02/skos/annotation/ontology" uri="Modules/GSO-skos_annotation.ttl"/>
</catalog>