<?xml version="1.0" encoding="UTF-8" standalone="no"?>
<catalog prefer="public" xmlns="urn:oasis:names:tc:entity:xmlns:xml:catalog">
    <group id="Folder Repository, directory=, recursive=true, Auto-Update=true, version=2" prefer="public" xml:base=""/>

    <uri id="/geologicquality/ontology" name="http://loop3d.org/GSO/ontology/2020/1/geologicquality/ontology" uri="../GSO-Quality.ttl"/>
   <uri id="/alterationtype/ontology" name="http://loop3d.org/GSO/ontology/2020/1/alterationtype/ontology" uri="Altered_Rock_Materials.ttl"/>
    <uri id="/common/ontology" name="http://loop3d.org/GSO/ontology/2020/1/common/ontology" uri="../../GSO-Common.ttl"/>
    <uri id="/consolidationdegree/ontology" name="http://loop3d.org/GSO/ontology/2020/1/consolidationdegree/ontology" uri="Consolidation_Degree.ttl"/>
    <uri id="/element/ontology" name="http://loop3d.org/GSO/ontology/2020/1/element/ontology" uri="../GSO-Elements.ttl"/>
    <uri id="/eventenvironment/ontology" name="http://loop3d.org/GSO/ontology/2020/1/eventenvironment/ontology" uri="../GSO-Physical_Setting.ttl"/>
    <uri id="/ex-complexcontact/ontology" name="http://loop3d.org/GSO/ontology/2020/1/ex-complexcontact/ontology" uri="../../TestInstances/GSO-ComplexContacts.ttl"/>
    <uri id="/ex-formationJs/ontology" name="http://loop3d.org/GSO/ontology/2020/1/ex-formationJs/ontology" uri="../../TestInstances/GSO-ExampleFormationJs.ttl"/>
    <uri id="/fault/movementsense/ontology" name="http://loop3d.org/GSO/ontology/2020/1/fault/movementsense/ontology" uri="Fault_Movement_Sense.ttl"/>
    <uri id="/fault/movementtype/ontology" name="http://loop3d.org/GSO/ontology/2020/1/fault/movementtype/ontology" uri="Fault_Movement_Type.ttl"/>
    <uri id="/geologicfeature/ontology" name="http://loop3d.org/GSO/ontology/2020/1/geologicfeature/ontology" uri="../../GSO-Geology.ttl"/>
    <uri id="/geologicprocess/ontology" name="http://loop3d.org/GSO/ontology/2020/1/geologicprocess/ontology" uri="../GSO-Geologic_Process.ttl"/>
    <uri id="/geologicstructure/contact/ontology" name="http://loop3d.org/GSO/ontology/2020/1/geologicstructure/contact/ontology" uri="../GSO-Structure-Contact.ttl"/>
    <uri id="/geologicstructure/fault/ontology" name="http://loop3d.org/GSO/ontology/2020/1/geologicstructure/fault/ontology" uri="../GSO-Structure-Fault.ttl"/>
    <uri id="/geologicstructure/fold/ontology" name="http://loop3d.org/GSO/ontology/2020/1/geologicstructure/fold/ontology" uri="../GSO-Structure-Fold.ttl"/>
    <uri id="/geologicstructure/foliation/ontology" name="http://loop3d.org/GSO/ontology/2020/1/geologicstructure/foliation/ontology" uri="../GSO-Structure-Foliation.ttl"/>
    <uri id="/geologicstructure/lineation/ontology" name="http://loop3d.org/GSO/ontology/2020/1/geologicstructure/lineation/ontology" uri="../GSO-Structure-Lineation.ttl"/>
    <uri id="/geologicunit/ontology" name="http://loop3d.org/GSO/ontology/2020/1/geologicunit/ontology" uri="../GSO-Geologic_Unit.ttl"/>
    <uri id="/geologicunit/rockbodyrole/ontology" name="http://loop3d.org/GSO/ontology/2020/1/geologicunit/rockbodyrole/ontology" uri="Rock_Body_Role.ttl"/>
	    <uri id="/geologicunit/rockobject/ontology" name="http://loop3d.org/GSO/ontology/2020/1/geologicunit/rockobject/ontology" uri="Rock_Object.ttl"/>
    <uri id="/ischart/ontology" name="http://loop3d.org/GSO/ontology/2020/1/ischart/ontology" uri="../GSO-Geologic_Time_Interval.ttl"/>
    <uri id="/lithology/materialcategory/ontology" name="http://loop3d.org/GSO/ontology/2020/1/lithology/materialcategory/ontology" uri="Material_Category.ttl"/>
    <uri id="/lithology/consolidationdegree/ontology" name="http://loop3d.org/GSO/ontology/2020/1/lithology/consolidationdegree/ontology" uri="Consolidation_Degree.ttl"/>
    <uri id="/lithology/ontology" name="http://loop3d.org/GSO/ontology/2020/1/lithology/ontology" uri="../GSO-Rock_Material.ttl"/>
    <uri id="/lithology/particleaspectratio/ontology" name="http://loop3d.org/GSO/ontology/2020/1/lithology/particleaspectratio/ontology" uri="Particle_Aspect_Ratio.ttl"/>
    <uri id="/lithology/particleroundness/ontology" name="http://loop3d.org/GSO/ontology/2020/1/lithology/particleroundness/ontology" uri="Particle_Roundness.ttl"/>
    <uri id="/lithology/particlerole/ontology" name="http://loop3d.org/GSO/ontology/2020/1/lithology/particlerole/ontology" uri="Particle_Role.ttl"/>
    <uri id="/loop3dmaster" name="http://loop3d.org/GSO/ontology/2020/1/loop3dmaster" uri="../../GSO-Master.ttl"/>
    <uri id="/metamorphicfacies/ontology" name="http://loop3d.org/GSO/ontology/2020/1/metamorphicfacies/ontology" uri="Metamorphic_Facies.ttl"/>
    <uri id="/metamorphicgrade/ontology" name="http://loop3d.org/GSO/ontology/2020/1/metamorphicgrade/ontology" uri="Metamorphic_Grade.ttl"/>
    <uri id="/mineral/ontology" name="http://loop3d.org/GSO/ontology/2020/1/mineral/ontology" uri="../GSO-Minerals.ttl"/>
    <uri id="/uom/ontology" name="http://loop3d.org/GSO/ontology/2020/1/uom/ontology" uri="UOM.ttl"/>	
	
</catalog>
